timestamp, pstate, clocks.current.sm [MHz], clocks.current.memory [MHz], utilization.gpu [%]
2026/09/08 11:54:19.660, P8, 300 MHz, 405 MHz, 0 %
2026/09/08 11:54:19.915, P8, 300 MHz, 405 MHz, 0 %
2026/09/08 11:54:20.170, P8, 300 MHz, 405 MHz, 0 %
2026/09/08 11:54:20.438, P8, 300 MHz, 405 MHz, 0 %
2026/09/08 11:54:20.692, P2, 1365 MHz, 6801 MHz, 0 %
2026/09/08 11:54:20.956, P2, 1365 MHz, 6801 MHz, 0 %
2026/09/08 11:54:21.224, P2, 1365 MHz, 6801 MHz, 0 %
2026/09/08 11:54:21.489, P2, 1365 MHz, 6801 MHz, 5 %
2026/09/08 11:54:21.753, P2, 1365 MHz, 6801 MHz, 5 %
2026/09/08 11:54:22.018, P2, 1365 MHz, 6801 MHz, 5 %
2026/09/08 11:54:22.282, P2, 1365 MHz, 6801 MHz, 5 %
2026/09/08 11:54:22.546, P2, 1365 MHz, 6801 MHz, 4 %
2026/09/08 11:54:22.812, P2, 1365 MHz, 6801 MHz, 4 %
2026/09/08 11:54:23.077, P2, 1365 MHz, 6801 MHz, 4 %
2026/09/08 11:54:23.341, P2, 1365 MHz, 6801 MHz, 4 %
2026/09/08 11:54:23.606, P2, 1365 MHz, 6801 MHz, 4 %
2026/09/08 11:54:23.868, P2, 1365 MHz, 6801 MHz, 4 %
2026/09/08 11:54:24.135, P2, 1365 MHz, 6801 MHz, 4 %
2026/09/08 11:54:24.400, P2, 1365 MHz, 6801 MHz, 4 %
2026/09/08 11:54:24.652, P2, 1365 MHz, 6801 MHz, 4 %
2026/09/08 11:54:24.913, P2, 1365 MHz, 6801 MHz, 4 %
2026/09/08 11:54:25.178, P2, 1365 MHz, 6801 MHz, 4 %
2026/09/08 11:54:25.442, P2, 1365 MHz, 6801 MHz, 4 %
2026/09/08 11:54:25.708, P2, 1365 MHz, 6801 MHz, 4 %
2026/09/08 11:54:25.971, P2, 1365 MHz, 6801 MHz, 4 %
2026/09/08 11:54:26.236, P2, 1365 MHz, 6801 MHz, 4 %
2026/09/08 11:54:26.502, P2, 1365 MHz, 6801 MHz, 4 %
2026/09/08 11:54:26.768, P2, 1365 MHz, 6801 MHz, 4 %
2026/09/08 11:54:27.033, P2, 1365 MHz, 6801 MHz, 4 %
2026/09/08 11:54:27.298, P8, 405 MHz, 405 MHz, 4 %
2026/09/08 11:54:27.562, P8, 360 MHz, 405 MHz, 5 %
2026/09/08 11:54:27.827, P8, 360 MHz, 405 MHz, 5 %
2026/09/08 11:54:28.093, P8, 360 MHz, 405 MHz, 5 %
2026/09/08 11:54:28.359, P8, 360 MHz, 405 MHz, 5 %
2026/09/08 11:54:28.625, P8, 360 MHz, 405 MHz, 14 %
2026/09/08 11:54:28.893, P8, 360 MHz, 405 MHz, 14 %
2026/09/08 11:54:29.159, P8, 360 MHz, 405 MHz, 14 %
2026/09/08 11:54:29.425, P8, 360 MHz, 405 MHz, 14 %
2026/09/08 11:54:29.689, P8, 360 MHz, 405 MHz, 15 %
2026/09/08 11:54:29.956, P8, 360 MHz, 405 MHz, 15 %
2026/09/08 11:54:30.220, P8, 360 MHz, 405 MHz, 15 %
2026/09/08 11:54:30.489, P8, 360 MHz, 405 MHz, 15 %
2026/09/08 11:54:30.752, P8, 360 MHz, 405 MHz, 15 %
2026/09/08 11:54:31.018, P8, 360 MHz, 405 MHz, 15 %
2026/09/08 11:54:31.284, P8, 360 MHz, 405 MHz, 15 %
2026/09/08 11:54:31.548, P8, 360 MHz, 405 MHz, 16 %
2026/09/08 11:54:31.812, P8, 360 MHz, 405 MHz, 16 %
2026/09/08 11:54:32.078, P8, 360 MHz, 405 MHz, 16 %
2026/09/08 11:54:32.345, P8, 360 MHz, 405 MHz, 16 %
2026/09/08 11:54:32.609, P8, 360 MHz, 405 MHz, 15 %
2026/09/08 11:54:32.878, P8, 360 MHz, 405 MHz, 15 %
2026/09/08 11:54:33.131, P8, 360 MHz, 405 MHz, 15 %
2026/09/08 11:54:33.400, P8, 360 MHz, 405 MHz, 15 %
2026/09/08 11:54:33.654, P8, 360 MHz, 405 MHz, 34 %
2026/09/08 11:54:33.922, P8, 360 MHz, 405 MHz, 34 %
2026/09/08 11:54:34.175, P8, 360 MHz, 405 MHz, 34 %
2026/09/08 11:54:34.443, P8, 360 MHz, 405 MHz, 34 %
2026/09/08 11:54:34.711, P8, 360 MHz, 405 MHz, 38 %
2026/09/08 11:54:34.978, P8, 360 MHz, 405 MHz, 38 %
2026/09/08 11:54:35.232, P8, 360 MHz, 405 MHz, 38 %
2026/09/08 11:54:35.502, P8, 360 MHz, 405 MHz, 39 %
2026/09/08 11:54:35.770, P8, 360 MHz, 405 MHz, 39 %
2026/09/08 11:54:36.034, P8, 360 MHz, 405 MHz, 39 %
2026/09/08 11:54:36.302, P8, 360 MHz, 405 MHz, 39 %
2026/09/08 11:54:36.569, P8, 360 MHz, 405 MHz, 19 %
2026/09/08 11:54:36.836, P8, 360 MHz, 405 MHz, 19 %
2026/09/08 11:54:37.102, P8, 360 MHz, 405 MHz, 19 %
2026/09/08 11:54:37.368, P8, 360 MHz, 405 MHz, 19 %
2026/09/08 11:54:37.635, P8, 360 MHz, 405 MHz, 15 %
2026/09/08 11:54:37.897, P8, 360 MHz, 405 MHz, 15 %
2026/09/08 11:54:38.163, P8, 360 MHz, 405 MHz, 15 %
2026/09/08 11:54:38.430, P8, 360 MHz, 405 MHz, 15 %
2026/09/08 11:54:38.695, P8, 360 MHz, 405 MHz, 15 %
2026/09/08 11:54:38.960, P8, 360 MHz, 405 MHz, 15 %
2026/09/08 11:54:39.225, P8, 360 MHz, 405 MHz, 15 %
2026/09/08 11:54:39.488, P8, 360 MHz, 405 MHz, 15 %
2026/09/08 11:54:39.754, P8, 360 MHz, 405 MHz, 15 %
2026/09/08 11:54:40.020, P8, 360 MHz, 405 MHz, 15 %
2026/09/08 11:54:40.284, P8, 360 MHz, 405 MHz, 15 %
2026/09/08 11:54:40.552, P8, 360 MHz, 405 MHz, 15 %
2026/09/08 11:54:40.819, P8, 360 MHz, 405 MHz, 15 %
2026/09/08 11:54:41.087, P8, 360 MHz, 405 MHz, 15 %
2026/09/08 11:54:41.354, P8, 360 MHz, 405 MHz, 15 %
2026/09/08 11:54:41.619, P8, 360 MHz, 405 MHz, 15 %
2026/09/08 11:54:41.887, P8, 360 MHz, 405 MHz, 15 %
2026/09/08 11:54:42.153, P8, 360 MHz, 405 MHz, 15 %
2026/09/08 11:54:42.421, P8, 360 MHz, 405 MHz, 15 %
2026/09/08 11:54:42.685, P8, 360 MHz, 405 MHz, 15 %
2026/09/08 11:54:42.951, P8, 360 MHz, 405 MHz, 15 %
2026/09/08 11:54:43.218, P8, 360 MHz, 405 MHz, 15 %
2026/09/08 11:54:43.483, P8, 360 MHz, 405 MHz, 15 %
2026/09/08 11:54:43.750, P8, 360 MHz, 405 MHz, 15 %
2026/09/08 11:54:44.016, P8, 360 MHz, 405 MHz, 15 %
2026/09/08 11:54:44.284, P8, 360 MHz, 405 MHz, 15 %
2026/09/08 11:54:44.548, P8, 360 MHz, 405 MHz, 15 %
2026/09/08 11:54:44.813, P8, 360 MHz, 405 MHz, 16 %
2026/09/08 11:54:45.078, P8, 360 MHz, 405 MHz, 16 %
2026/09/08 11:54:45.343, P8, 360 MHz, 405 MHz, 16 %
2026/09/08 11:54:45.611, P8, 360 MHz, 405 MHz, 15 %
2026/09/08 11:54:45.875, P8, 360 MHz, 405 MHz, 15 %
2026/09/08 11:54:46.141, P8, 360 MHz, 405 MHz, 15 %
2026/09/08 11:54:46.408, P8, 360 MHz, 405 MHz, 15 %
2026/09/08 11:54:46.673, P8, 360 MHz, 405 MHz, 15 %
2026/09/08 11:54:46.941, P8, 360 MHz, 405 MHz, 15 %
2026/09/08 11:54:47.207, P8, 360 MHz, 405 MHz, 15 %
2026/09/08 11:54:47.472, P8, 360 MHz, 405 MHz, 15 %
2026/09/08 11:54:47.738, P8, 360 MHz, 405 MHz, 15 %
